{
  "rajasthan": {
    "solar_power": {
      "Linear Regression": {
        "folds": [
          {
            "MAE": 4.772322575601367,
            "RMSE": 7.994612229325032,
            "R2": 0.951638837207093,
            "fold": 1
          },
          {
            "MAE": 4.249766890830851,
            "RMSE": 5.726149702966755,
            "R2": 0.9856338455331992,
            "fold": 2
          }
        ],
        "summary": {
          "MAE_mean": 4.511045,
          "MAE_std": 0.261278,
          "RMSE_mean": 6.860381,
          "RMSE_std": 1.134231,
          "R2_mean": 0.968636,
          "R2_std": 0.016998
        }
      }
    }
  }
}